part_no,description,qty,material,process,type,mass_each_kg,mass_basis,cad_file,unit_cost_inr,note
AS3-101,Pier bracket (weldment) - upper and lower identical,2,Stainless steel 316L,"Laser-cut 316L 10/12 mm, TIG welded, passivated; 4x M12 chemical anchors",part,12.698,CAD volume x density,AS3-101_Pier_bracket_weldment_upper_and_lower_identical.step,TO QUOTE,
AS3-102,Pole clamp cap,2,Stainless steel 316L,Machined 316L,part,2.941,CAD volume x density,AS3-102_Pole_clamp_cap.step,TO QUOTE,
AS3-103,Stage target plate,1,Stainless steel 316L,4 mm 316L welded to the upper clamp cap,part,0.456,CAD volume x density,AS3-103_Stage_target_plate.step,TO QUOTE,
AS3-111,Guide pole 2in Sch 40S SS316L,1,Stainless steel 316L,"ASTM A312 TP316L pipe, cut to length, ends deburred",part,16.414,CAD volume x density,AS3-111_Guide_pole_2in_Sch_40S_SS316L.step,TO QUOTE,
AS3-112,Pole top cap,1,Acetal (POM) black,,purchased,0.124,CAD volume x density,AS3-112_Pole_top_cap.step,TO QUOTE,
AS3-113,"Stop collar (split, clamp-on)",2,Stainless steel 316L,"Machined 316L, M8 clamp screw",part,1.245,CAD volume x density,AS3-113_Stop_collar_split_clamp_on.step,TO QUOTE,
AS3-114,Stop buffer ring (EPDM),2,EPDM,Moulded EPDM 70 ShA,part,0.099,CAD volume x density,AS3-114_Stop_buffer_ring_EPDM.step,TO QUOTE,
AS3-201,"Pontoon hull (rotomoulded, foam filled)",2,"Rotomoulded PE, RAL 1003 signal yellow","Rotomoulded PE, one mould for both hulls; PU foam fill; moulded-in M8 inserts",part,6.821,CAD area x 5 mm wall + fill,AS3-201_Pontoon_hull_rotomoulded_foam_filled.step,TO QUOTE,
AS3-202,Bow bumper pad,2,EPDM,"Moulded EPDM, bonded",part,0.075,CAD volume x density,AS3-202_Bow_bumper_pad.step,TO QUOTE,
AS3-203,Hull vent / test plug,2,Acetal (POM) black,Purchased PE threaded plug,purchased,0.012,CAD volume x density,AS3-203_Hull_vent_test_plug.step,TO QUOTE,
AS3-211,Crossbeam SHS 40x40x3,4,"Aluminium 6061-T6, anodised","Saw-cut 6061-T6 SHS, drilled for M8",part,0.871,CAD volume x density,AS3-211_Crossbeam_SHS_40x40x3.step,TO QUOTE,
AS3-212,Beam end cap,8,Acetal (POM) black,Purchased PE plug,purchased,0.009,CAD volume x density,AS3-212_Beam_end_cap.step,TO QUOTE,
AS3-213,Equipment deck plate,1,"Aluminium 6061-T6, anodised",Laser-cut 3 mm 6061 tread plate,part,1.99,CAD volume x density,AS3-213_Equipment_deck_plate.step,TO QUOTE,
AS3-301,Guide carriage - fixed half (weldment),1,"Aluminium 6061-T6, anodised","Laser-cut 6061 plate 5/6 mm, TIG welded, hard anodised; nylon isolation at 316 axles",part,2.806,CAD volume x density,AS3-301_Guide_carriage_fixed_half_weldment.step,TO QUOTE,
AS3-302,Guide carriage - opening gate (weldment),1,"Aluminium 6061-T6, anodised","Laser-cut 6061 plate, TIG welded, hard anodised",part,1.914,CAD volume x density,AS3-302_Guide_carriage_opening_gate_weldment.step,TO QUOTE,
AS3-311,Concave guide roller UHMW-PE,8,UHMW-PE,CNC-turned UHMW-PE; throat profile = pole radius + 1.5 mm,part,0.057,CAD volume x density,AS3-311_Concave_guide_roller_UHMW_PE.step,TO QUOTE,
AS3-312,Roller axle M10 + nyloc nuts,8,Stainless steel 316 (brushed),"316 shoulder bolt, nylon isolation washers",fastener,0.065,CAD volume x density,AS3-312_Roller_axle_M10_nyloc_nuts.step,TO QUOTE,
AS3-313,Gate hinge pin D10,1,Stainless steel 316 (brushed),316 bar + R-clip,fastener,0.189,CAD volume x density,AS3-313_Gate_hinge_pin_D10.step,TO QUOTE,
AS3-314,T-handle latch pin (tool-free),2,Stainless steel 316 (brushed),"316 bar + welded T-bar, lanyard eye",fastener,0.072,CAD volume x density,AS3-314_T_handle_latch_pin_tool_free.step,TO QUOTE,
AS3-321,Carriage brace struts (pair),1,Stainless steel 316L,"316L tube 20 x 2, flattened ends, bolted through deck into crossbeam 2",part,0.85,catalogue / assumed,AS3-321_Carriage_brace_struts_pair.step,TO QUOTE,
AS3-401,Sensor well sleeve PE100 D160 SDR26,1,PE100 black,Cut PE100 pressure pipe,part,1.053,CAD volume x density,AS3-401_Sensor_well_sleeve_PE100_D160_SDR26.step,TO QUOTE,
AS3-402,Hatch flange ring (quarter-turn seat),1,Stainless steel 316L,"Laser-cut 6 mm 316L ring, 6x M6 into deck",part,0.394,CAD volume x density,AS3-402_Hatch_flange_ring_quarter_turn_seat.step,TO QUOTE,
AS3-403,Sensor guard cage,1,Stainless steel 316L,"316L rod D6 + laser-cut rings, TIG welded; screwed to the sleeve",part,1.82,CAD volume x density,AS3-403_Sensor_guard_cage.step,TO QUOTE,
AS3-404,V debris deflector,1,PE100 black,"8 mm HDPE sheet, heat-bent V, bolted under crossbeam 1",part,0.718,CAD volume x density,AS3-404_V_debris_deflector.step,TO QUOTE,
AS3-411,Cartridge cap + wiper drive housing,1,Acetal (POM) black,Machined acetal; IP68 servo housing; 4x M16 cable glands,part,0.752,CAD volume x density,AS3-411_Cartridge_cap_wiper_drive_housing.step,TO QUOTE,
AS3-412,Cartridge lift handle,1,Stainless steel 316 (brushed),316 tube 16 x 1.5 bent,part,0.15,catalogue / assumed,AS3-412_Cartridge_lift_handle.step,TO QUOTE,
AS3-413,Cartridge spine + wiper shaft,1,Stainless steel 316L,316L tube 25 x 1.5 + 316 shaft D8,part,0.837,CAD volume x density,AS3-413_Cartridge_spine_wiper_shaft.step,TO QUOTE,
AS3-414,Probe holder spiders (x2),1,Acetal (POM) black,"Machined acetal, split collars",part,0.117,CAD volume x density,AS3-414_Probe_holder_spiders_x2.step,TO QUOTE,
AS3-415,Optical wiper arm + brush pads,1,Stainless steel 316L,316L flat bar 14 x 5 + nylon brush pads,part,0.123,CAD volume x density,AS3-415_Optical_wiper_arm_brush_pads.step,TO QUOTE,
AS3-416,Probe cables (in-well run),1,Marine cable,Supplied with probes (mass counted with the probes),harness,0.0,catalogue / assumed,AS3-416_Probe_cables_in_well_run.step,TO QUOTE,
AS3-417,Sampler intake strainer + riser,1,Stainless steel 316 (brushed),316 mesh strainer + 10 mm tube + quick-connect,part,0.15,catalogue / assumed,AS3-417_Sampler_intake_strainer_riser.step,TO QUOTE,
AS3-420,Probe body (envelope),4,Acetal (POM) black,Purchased; D32 x 300 envelope - replace with the supplier STEP,purchased,0.45,catalogue / assumed,AS3-420_Probe_body_envelope.step,TO QUOTE,0.45 kg incl. 5 m cable (assumed)
AS3-421,ID band - pH probe,1,pH ID band (blue),Colour-keyed PE sleeve,purchased,0.005,catalogue / assumed,AS3-421_ID_band_pH_probe.step,TO QUOTE,
AS3-422,ID band - EC probe,1,EC ID band (orange),Colour-keyed PE sleeve,purchased,0.005,catalogue / assumed,AS3-422_ID_band_EC_probe.step,TO QUOTE,
AS3-423,ID band - Optical DO,1,DO ID band (green),Colour-keyed PE sleeve,purchased,0.005,catalogue / assumed,AS3-423_ID_band_Optical_DO.step,TO QUOTE,
AS3-424,ID band - Turbidity probe,1,Turbidity ID band (magenta),Colour-keyed PE sleeve,purchased,0.005,catalogue / assumed,AS3-424_ID_band_Turbidity_probe.step,TO QUOTE,
AS3-501,Pod mounting rails (pair),1,"Aluminium 6061-T6, anodised",6061 angle 25 x 25 x 3,part,0.451,CAD volume x density,AS3-501_Pod_mounting_rails_pair.step,TO QUOTE,
AS3-511,Power & control pod IP67 (body),1,Polycarbonate RAL 7035,"Purchased PC enclosure, machined for glands, pressure-equalising vent",part,1.433,CAD area x 3.5 mm wall,AS3-511_Power_control_pod_IP67_body.step,TO QUOTE,
AS3-512,Pod lid (hinged),1,Polycarbonate dark grey,Supplied with the enclosure; EPDM gasket,part,0.798,CAD area x 3.5 mm wall,AS3-512_Pod_lid_hinged.step,TO QUOTE,
AS3-513,Pod mounting plate,1,"Aluminium 6061-T6, anodised",2 mm 5052 plate,part,0.358,CAD volume x density,AS3-513_Pod_mounting_plate.step,TO QUOTE,
AS3-514,LiFePO4 12.8 V 6 Ah with BMS,1,LiFePO4 pack,,purchased,0.8,catalogue / assumed,AS3-514_LiFePO4_12_8_V_6_Ah_with_BMS.step,TO QUOTE,"catalogue-class value, confirm"
AS3-515,"Controller board (ESP32, RS485, RTC, microSD, LTE Cat-1)",1,PCB,,purchased,0.2,catalogue / assumed,AS3-515_Controller_board_ESP32_RS485_RTC_microSD_LTE_Cat.step,TO QUOTE,
AS3-516,MPPT charge controller,1,Polycarbonate dark grey,,purchased,0.15,catalogue / assumed,AS3-516_MPPT_charge_controller.step,TO QUOTE,
AS3-521,PV module 20 W (frame + backsheet),1,"Aluminium 6061-T6, anodised",,purchased,1.55,catalogue / assumed,AS3-521_PV_module_20_W_frame_backsheet.step,TO QUOTE,"20 W 12 V mono module, 450 x 350 assumed"
AS3-522,PV module 20 W (cells + glass),1,Mono-Si PV cells + glass,,purchased,0.45,catalogue / assumed,AS3-522_PV_module_20_W_cells_glass.step,TO QUOTE,
AS3-523,Canopy stanchions + hinge / pin blocks,1,"Aluminium 6061-T6, anodised","6061 tube 20 x 2, welded base plates; aft pair hinged, front pair quick-release pins",part,0.512,CAD volume x density,AS3-523_Canopy_stanchions_hinge_pin_blocks.step,TO QUOTE,
AS3-601,Autosampler cassette (insulated body),1,PE white,"Twin-wall rotomoulded PE, PU insulated",part,1.904,CAD area x 6 mm wall + fill,AS3-601_Autosampler_cassette_insulated_body.step,TO QUOTE,
AS3-602,"Autosampler lid (hinged, tamper-seal hasp)",1,Polycarbonate dark grey,"Moulded PC, EPDM gasket",part,0.445,CAD area x 4 mm wall,AS3-602_Autosampler_lid_hinged_tamper_seal_hasp.step,TO QUOTE,
AS3-603,Bottle carousel (lift-out cassette),1,Acetal (POM) black,Machined acetal; the whole carousel swaps out (chain of custody),part,0.199,CAD volume x density,AS3-603_Bottle_carousel_lift_out_cassette.step,TO QUOTE,
AS3-604,Sample bottle 250 mL HDPE (lab-supplied),4,PE white,,purchased,0.29,catalogue / assumed,AS3-604_Sample_bottle_250_mL_HDPE_lab_supplied.step,TO QUOTE,0.04 kg bottle + 0.25 kg sample (full)
AS3-605,Bottle cap (septum),4,pH ID band (blue),,purchased,0.005,catalogue / assumed,AS3-605_Bottle_cap_septum.step,TO QUOTE,
AS3-606,Peristaltic pump 12 V (reversible),1,Polycarbonate dark grey,,purchased,0.35,catalogue / assumed,AS3-606_Peristaltic_pump_12_V_reversible.step,TO QUOTE,
AS3-701,Beacon mast,1,"Aluminium 6061-T6, anodised","6061 tube 32 x 2.5, welded flange",part,0.366,CAD volume x density,AS3-701_Beacon_mast.step,TO QUOTE,
AS3-702,Jal-Deep beacon base,1,Polycarbonate dark grey,,purchased,0.18,catalogue / assumed,AS3-702_Jal_Deep_beacon_base.step,TO QUOTE,
AS3-703,Jal-Deep 360 deg LED lens (green normal / red alert),1,PC lens (green = normal),,purchased,0.08,catalogue / assumed,AS3-703_Jal_Deep_360_deg_LED_lens_green_normal_red_alert.step,TO QUOTE,
AS3-711,"LTE antenna (whip, N-type)",1,Acetal (POM) black,,purchased,0.12,catalogue / assumed,AS3-711_LTE_antenna_whip_N_type.step,TO QUOTE,
AS3-712,"Stage sensor (waterproof ultrasonic, looking up)",1,Acetal (POM) black,,purchased,0.06,catalogue / assumed,AS3-712_Stage_sensor_waterproof_ultrasonic_looking_up.step,TO QUOTE,
AS3-801,Grab handle (two-person carry),4,Stainless steel 316 (brushed),"316 tube 22 x 1.5 bent, welded pads, into hull inserts",part,0.23,catalogue / assumed,AS3-801_Grab_handle_two_person_carry.step,TO QUOTE,
AS3-802,Lifting eye bolt M12 (DIN 580),4,Stainless steel 316L,,fastener,0.101,CAD volume x density,AS3-802_Lifting_eye_bolt_M12_DIN_580.step,TO QUOTE,
AS3-811,"Cable harness (probes, stage sensor, PV, beacon)",1,Marine cable,"Marine cable, IP68 glands, drip loops",harness,0.6,catalogue / assumed,AS3-811_Cable_harness_probes_stage_sensor_PV_beacon.step,TO QUOTE,
AS3-812,Sampler hoses (intake + purge-to-waste),1,Clear PVC tubing,6 mm ID food-grade tubing,harness,0.15,catalogue / assumed,AS3-812_Sampler_hoses_intake_purge_to_waste.step,TO QUOTE,
AS3-901,Bolt M8 x 60 A4 + washer,16,Stainless steel 316L,A4-70,fastener,0.032,CAD volume x density,AS3-901_Bolt_M8_x_60_A4_washer.step,TO QUOTE,
AS3-902,Bolt M10 x 70 A4 + washer,2,Stainless steel 316L,A4-70,fastener,0.06,CAD volume x density,AS3-902_Bolt_M10_x_70_A4_washer.step,TO QUOTE,
AS3-903,Screw M6 x 25 A4,6,Stainless steel 316L,A4-70,fastener,0.01,CAD volume x density,AS3-903_Screw_M6_x_25_A4.step,TO QUOTE,
AS3-904,Chemical anchor M12 x 130 A4,8,Stainless steel 316L,A4 threaded rod + injection mortar,fastener,0.14,CAD volume x density,AS3-904_Chemical_anchor_M12_x_130_A4.step,TO QUOTE,
AS3-905,Bolt M10 x 40 A4 + washer,4,Stainless steel 316L,A4-70,fastener,0.041,CAD volume x density,AS3-905_Bolt_M10_x_40_A4_washer.step,TO QUOTE,
